subject,trialCode,code,number,name,rhythm,harmony,condition,block,startTime,wantingToMove,pleasure,beatStrength,wrt,prt,brt
,0,0,91,MENTRONOME 1 LH,iso,low,wpb,practice,4.510807560291141,3,4,5,0.7833528000628576,1.0332099999068305,0.8330605999799445
,0,0,56,HIGH RHYTHM 2 LH,high,low,bpw,practice,19.15071860025637,5,5,5,0.350061499979347,1.150963000021875,2.616708399960771
,11,11,50,MEDIUM RHYTHM 3 MH,medium,medium,wbp,main,37.37894270021934,5,3,4,1.1836271999636665,0.49999339994974434,1.032915799994953
